"","ci_low","ci_high","estimate","language"
"1",0.77979106605352,0.93297876976924,0.872765243015078,"english"
"2",0.0183487795228096,0.201007101903493,0.0685982144242384,"spanish"
"3",0.308625567186607,0.793331720104142,0.580177109495134,"french"
"4",0.0905336380887154,0.46737987089168,0.235327384419997,"hungarian"
"5",0.33537603218413,0.806580774086685,0.610160009001219,"german"
